PassengerID,Name,Birthdate,TravelClass,LoyaltyMember,FlightNumber
1,John Doe,1987-05-21,FIRST_CLASS,True,BA249
2,Jane Smith,1980-11-12,BUSINESS,False,AA100
3,Mia Wong,1992-03-08,ECONOMY,True,BA255
4,Noah Johnson,1995-07-19,ECONOMY,False,AA110
5,Isabella Rossi,1982-08-30,FIRST_CLASS,True,BA249
6,Olivia Brown,1975-02-21,BUSINESS,False,BA256
7,Liam Davis,1965-12-13,ECONOMY,True,AA107
8,Emma Miller,1978-03-30,FIRST_CLASS,True,AA101
9,William Wilson,1968-01-14,ECONOMY,False,AA102
10,Sophia Taylor,1990-04-28,BUSINESS,True,BA257
11,Lucas Anderson,1984-09-16,FIRST_CLASS,False,AA105
12,Amelia Thompson,1970-11-11,ECONOMY,True,BA260
13,Oliver Martinez,1971-07-22,FIRST_CLASS,True,BA249
14,Ava White,1988-03-05,BUSINESS,False,AA108
15,Charlotte Clark,1989-10-30,ECONOMY,True,BA261
16,Ethan Harris,1973-06-19,BUSINESS,True,AA109
17,Ella Moore,1994-02-11,FIRST_CLASS,False,BA270
18,James Robinson,1983-08-20,ECONOMY,True,AA110
19,Alexander Lewis,1972-12-15,BUSINESS,False,BA271
20,Victoria Lee,1990-05-23,FIRST_CLASS,True,AA115
21,Matthew Lopez,1991-07-17,ECONOMY,False,BA272
22,Elizabeth Jackson,1969-04-09,BUSINESS,True,AA120
23,Michael Hill,1987-01-02,ECONOMY,True,BA249
24,Sarah Scott,1978-03-25,FIRST_CLASS,False,AA100
25,Thomas Turner,1986-12-15,ECONOMY,True,BA255
26,Nicole Baker,1995-11-08,BUSINESS,False,AA110
27,Steven Campbell,1972-07-03,FIRST_CLASS,True,BA249
28,Michelle Rivera,1994-09-19,ECONOMY,False,BA256
29,Kevin Evans,1980-05-22,BUSINESS,True,AA107
30,Jessica Edwards,1977-11-30,FIRST_CLASS,True,AA101
31,Brian Morales,1993-03-18,ECONOMY,False,AA102
32,Laura Walker,1989-08-04,BUSINESS,True,BA257
33,Ryan Nelson,1985-11-25,FIRST_CLASS,False,AA105
34,Julia Lee,1990-02-19,ECONOMY,True,BA260
35,David White,1983-06-11,BUSINESS,False,BA249
36,Megan Clark,1986-10-14,FIRST_CLASS,True,AA108
37,Christopher Martinez,1979-09-30,ECONOMY,False,BA261
38,Amy Robinson,1991-07-05,BUSINESS,True,AA109
39,Jason Garcia,1982-12-23,FIRST_CLASS,False,BA270
40,Mary Davis,1990-01-17,ECONOMY,True,AA110
41,Susan Brown,1974-06-18,FIRST_CLASS,False,BA271
42,Anthony Johnson,1993-12-24,ECONOMY,True,AA115
43,Angela Wilson,1985-04-03,BUSINESS,False,BA272
44,Paula Thomas,1994-09-07,FIRST_CLASS,True,AA120
45,Andrew Jones,1967-01-15,ECONOMY,False,BA249
46,Linda Taylor,1996-11-08,BUSINESS,True,AA100
47,Patricia Miller,1971-02-28,FIRST_CLASS,False,BA255
48,Mark Anderson,1983-07-22,ECONOMY,True,AA110
49,Elizabeth Martinez,1987-10-13,BUSINESS,False,BA249
50,Donald Harris,1969-03-17,FIRST_CLASS,True,BA256
51,Dorothy Martin,1978-05-25,ECONOMY,False,AA107
52,George Lewis,1970-08-09,BUSINESS,True,AA101
53,Kenneth White,1992-12-18,FIRST_CLASS,False,AA102
54,Sharon Clark,1984-04-30,ECONOMY,True,BA257
55,Steven Hall,1975-07-20,BUSINESS,False,AA105
56,Jennifer Allen,1986-10-14,FIRST_CLASS,True,BA260
57,Joseph Young,1972-02-07,ECONOMY,False,BA249
58,Diane Hernandez,1968-09-01,BUSINESS,True,AA108
59,Charles Moore,1990-11-15,FIRST_CLASS,False,BA261
60,Barbara Jackson,1981-01-22,ECONOMY,True,AA109
61,Thomas Martin,1993-07-29,BUSINESS,False,BA270
62,Samantha Thompson,1979-04-05,FIRST_CLASS,True,AA110
63,Daniel Garcia,1974-12-12,ECONOMY,False,BA271
64,Nancy Martinez,1982-03-15,BUSINESS,True,AA115
65,Kyle Robinson,1988-08-19,FIRST_CLASS,False,BA272
66,Deborah Clark,1991-05-21,ECONOMY,True,AA120
67,Stephen Lewis,1970-10-31,BUSINESS,False,BA375
68,Lisa Walker,1965-02-18,FIRST_CLASS,True,AA235
69,Brian Scott,1984-11-29,ECONOMY,False,BA380
70,Kevin Adams,1995-01-16,BUSINESS,True,AA240
71,Karen Phillips,1980-03-10,FIRST_CLASS,False,BA385
72,Carol Anderson,1968-05-25,ECONOMY,True,AA245
73,James Wright,1972-07-30,BUSINESS,False,BA390
74,Nicole Mitchell,1989-10-02,FIRST_CLASS,True,AA250
75,Jonathan Perez,1975-08-17,ECONOMY,False,BA395
76,Ryan Lee,1986-12-05,BUSINESS,True,AA255
77,Kimberly Davis,1979-01-07,FIRST_CLASS,False,BA400
78,Amy Brown,1987-03-18,ECONOMY,True,AA260
79,Bradley Wilson,1993-05-22,BUSINESS,False,BA405
80,Julie Taylor,1980-09-15,FIRST_CLASS,True,AA265
81,Billy Martinez,1971-11-12,ECONOMY,False,BA410
82,Gloria White,1973-06-06,BUSINESS,True,AA270
83,Michelle Thompson,1994-02-28,FIRST_CLASS,False,BA415
84,Edward King,1985-08-19,ECONOMY,True,AA275
85,Maria Wright,1990-07-03,BUSINESS,False,BA420
86,Michael Harris,1976-11-08,FIRST_CLASS,True,AA280
87,Melissa Young,1978-01-22,ECONOMY,False,BA425
88,Robert Nelson,1969-03-15,BUSINESS,True,AA285
89,Tracy Robinson,1982-04-10,FIRST_CLASS,False,BA375
90,Jason Clark,1991-06-21,ECONOMY,True,AA235
91,Laura Allen,1983-12-01,BUSINESS,False,BA380
92,Sarah Baker,1965-07-28,FIRST_CLASS,True,AA240
93,Franklin Wright,1992-10-13,ECONOMY,False,BA385
94,Betty Gonzalez,1987-02-06,BUSINESS,True,AA245
95,Matthew White,1970-11-21,FIRST_CLASS,False,BA390
96,Daniel Lewis,1973-08-09,ECONOMY,True,AA250
97,Pamela Hall,1984-05-18,BUSINESS,False,BA395
98,Gregory Young,1995-01-27,FIRST_CLASS,True,AA255
99,Sandra Hernandez,1981-09-14,ECONOMY,False,BA400
100,Christopher Moore,1974-12-08,BUSINESS,True,AA260
101,Emily Sanchez,1988-06-11,FIRST_CLASS,False,BA405
102,Justin Baker,1977-09-25,ECONOMY,True,AA265
103,Amanda Taylor,1990-04-17,BUSINESS,False,BA410
104,Nicholas Adams,1971-07-30,FIRST_CLASS,True,AA270
105,Samantha Wright,1983-10-21,ECONOMY,False,BA415
106,Brandon Martinez,1976-12-03,BUSINESS,True,AA275
107,Heather Gonzalez,1992-11-15,FIRST_CLASS,False,BA420
108,Joshua Scott,1980-05-18,ECONOMY,True,AA280
109,Rebecca Hernandez,1975-08-28,BUSINESS,False,BA425
110,Justin Clark,1996-01-19,FIRST_CLASS,True,AA285
111,Ashley Thompson,1979-03-22,ECONOMY,False,BA375
112,Natalie Rodriguez,1988-09-06,BUSINESS,True,AA235
113,Brandon Young,1973-02-09,FIRST_CLASS,False,BA380
114,Kelly Martinez,1981-05-14,ECONOMY,True,AA240
115,Joshua Lee,1993-08-07,BUSINESS,False,BA385
116,Kimberly Davis,1976-10-30,FIRST_CLASS,True,AA245
117,Amanda Martinez,1984-01-23,ECONOMY,False,BA390
118,Christopher Allen,1990-06-15,BUSINESS,True,AA250
119,Stephanie Harris,1972-08-20,FIRST_CLASS,False,BA395
120,Nathan Wright,1986-11-12,ECONOMY,True,AA255
121,Christina Brown,1978-12-05,BUSINESS,False,BA400
122,Matthew Gonzalez,1995-01-28,FIRST_CLASS,True,AA260
123,Katherine Young,1989-04-03,ECONOMY,False,BA405
124,Daniel Martinez,1970-07-16,BUSINESS,True,AA265
125,Alyssa Robinson,1982-02-18,FIRST_CLASS,False,BA410
126,Scott Thompson,1991-05-21,ECONOMY,True,AA270
127,Victoria Clark,1977-08-15,BUSINESS,False,BA415
128,Adam Rodriguez,1985-03-08,FIRST_CLASS,True,AA275
129,Lauren Miller,1979-06-29,ECONOMY,False,BA420
130,Andrew Hernandez,1974-09-22,BUSINESS,True,AA280
131,Sarah Gonzalez,1993-02-10,FIRST_CLASS,False,BA425
132,Nicholas Martinez,1971-12-03,ECONOMY,True,AA285
133,Christina Perez,1980-07-16,BUSINESS,False,BA540
134,David Johnson,1988-10-29,FIRST_CLASS,True,AA400
135,Lauren Wilson,1973-03-20,ECONOMY,False,BA545
136,James Garcia,1994-04-13,BUSINESS,True,AA405
137,Michelle Davis,1982-09-06,FIRST_CLASS,False,BA550
138,Ryan Martinez,1975-12-09,ECONOMY,True,AA410
139,Ashley Harris,1991-01-25,BUSINESS,False,BA555
140,Michael Clark,1970-06-18,FIRST_CLASS,True,AA415
141,Stephanie Wilson,1987-08-28,ECONOMY,False,BA560
142,Robert Lopez,1979-11-21,BUSINESS,True,AA420
143,Jessica Thomas,1990-02-14,FIRST_CLASS,False,BA565
144,John Rodriguez,1984-05-07,ECONOMY,True,AA425
145,Kimberly Thompson,1976-10-30,BUSINESS,False,BA570
146,William Martin,1973-01-22,FIRST_CLASS,True,AA430
147,Elizabeth Wright,1995-04-16,ECONOMY,True,AA435
148,Daniel Hernandez,1981-07-05,BUSINESS,False,BA575
149,Emily Allen,1977-08-20,FIRST_CLASS,True,AA440
150,Christopher Scott,1992-11-13,ECONOMY,False,BA580
151,Alexander King,1970-12-03,BUSINESS,True,AA445
152,Amanda Miller,1985-01-26,FIRST_CLASS,False,BA585
153,Matthew Davis,1996-02-19,ECONOMY,True,AA450
154,Victoria Taylor,1971-05-12,BUSINESS,False,BA590
155,Brandon Garcia,1988-08-04,FIRST_CLASS,True,AA455
156,Rebecca Martinez,1973-09-27,ECONOMY,False,BA595
157,David Young,1990-12-21,BUSINESS,True,AA460
158,Kelly Johnson,1982-02-14,FIRST_CLASS,False,BA600
159,Lauren Moore,1975-07-28,ECONOMY,True,BA540
160,John Hernandez,1993-01-09,BUSINESS,False,AA400
161,Samantha Lee,1979-04-02,FIRST_CLASS,True,BA545
162,Jonathan Wilson,1986-06-15,ECONOMY,False,AA405
163,Nicole Harris,1972-11-09,BUSINESS,True,BA550
164,Michael Brown,1981-12-02,FIRST_CLASS,False,AA410
165,Ashley Thompson,1995-03-18,ECONOMY,True,BA555
166,Matthew Lewis,1974-06-11,BUSINESS,False,AA415
167,Kimberly Davis,1987-09-24,FIRST_CLASS,True,BA560
168,Daniel Martinez,1979-10-17,ECONOMY,False,AA420
169,Emily Allen,1990-01-29,BUSINESS,True,BA565
170,Christopher Scott,1973-04-22,FIRST_CLASS,False,AA425
171,Stephanie Miller,1985-07-15,ECONOMY,True,BA570
172,Michael Johnson,1976-10-08,BUSINESS,False,AA430
173,Emily Hernandez,1994-12-01,FIRST_CLASS,True,AA435
174,Andrew Thompson,1978-01-24,ECONOMY,False,BA575
175,Jessica Wilson,1983-04-17,BUSINESS,True,AA440
176,Matthew Garcia,1991-09-08,FIRST_CLASS,False,BA580
177,Amanda Martinez,1970-06-22,ECONOMY,True,AA445
178,Jonathan Davis,1986-11-15,BUSINESS,False,BA585
179,Lauren Taylor,1979-03-29,FIRST_CLASS,True,AA450
180,David Young,1993-07-02,ECONOMY,False,BA590
181,Sarah Brown,1971-09-14,BUSINESS,True,AA455
182,Christopher Miller,1988-01-07,FIRST_CLASS,False,BA595
183,Rebecca Hernandez,1975-04-30,ECONOMY,True,AA460
184,Justin Clark,1990-09-23,BUSINESS,False,BA600
185,Nicole Taylor,1974-12-26,FIRST_CLASS,True,BA540
186,Joshua Wilson,1982-03-19,ECONOMY,False,AA400
187,Ashley Johnson,1995-05-12,BUSINESS,True,BA545
188,Matthew Martinez,1978-08-05,FIRST_CLASS,False,AA405
189,Samantha Rodriguez,1986-11-29,ECONOMY,True,BA550
190,Brandon Lee,1972-02-18,BUSINESS,False,AA410
191,Stephanie Scott,1993-03-23,FIRST_CLASS,True,BA555
192,Michael Hernandez,1977-06-16,ECONOMY,False,AA415
193,Lauren Thompson,1989-09-09,BUSINESS,True,BA560
194,David Rodriguez,1973-12-02,FIRST_CLASS,False,AA420
195,Alexander Garcia,1981-05-25,ECONOMY,True,BA565
196,Rebecca Martinez,1996-08-18,BUSINESS,False,AA425
197,Christopher Johnson,1970-11-15,FIRST_CLASS,True,BA570
198,Jennifer Thomas,1984-02-08,ECONOMY,False,AA430
199,Jonathan Hernandez,1992-06-20,BUSINESS,True,AA435
200,Kimberly Davis,1976-09-13,FIRST_CLASS,False,BA575
201,Nicholas Wilson,1987-12-07,ECONOMY,True,AA440
202,Amanda Martinez,1979-03-30,BUSINESS,False,BA580
203,Michael Clark,1995-07-14,FIRST_CLASS,True,AA445
204,Sarah Thompson,1971-10-16,ECONOMY,False,BA585
205,Matthew Rodriguez,1983-01-09,BUSINESS,True,AA450
206,Emily Hernandez,1990-04-22,FIRST_CLASS,False,BA590
207,Brandon Lee,1975-08-05,ECONOMY,True,AA455
208,Stephanie Martinez,1986-11-29,BUSINESS,False,BA595
209,John Taylor,1972-03-18,FIRST_CLASS,True,AA460
210,Lauren White,1993-06-30,ECONOMY,True,BA600
211,David Hernandez,1980-09-23,BUSINESS,False,BA540
212,Jessica Davis,1976-12-16,FIRST_CLASS,True,AA400
213,Michael Martinez,1991-02-08,ECONOMY,False,BA545
214,Rebecca Rodriguez,1974-05-05,BUSINESS,True,AA405
215,Christopher Scott,1989-08-29,FIRST_CLASS,False,BA550
216,Amanda Johnson,1996-11-21,ECONOMY,True,AA410
217,Matthew Lee,1977-02-14,BUSINESS,False,BA555
218,Emily Perez,1983-05-09,FIRST_CLASS,True,AA415
219,Brandon Young,1988-08-02,ECONOMY,True,BA560
220,Stephanie Garcia,1975-11-26,BUSINESS,False,AA420
221,Michael Thompson,1994-02-18,FIRST_CLASS,True,BA565
222,Sarah Rodriguez,1981-06-11,ECONOMY,False,AA425
223,Matthew Taylor,1970-09-04,BUSINESS,True,BA570
224,Amanda Hernandez,1990-12-27,FIRST_CLASS,False,AA430
225,David Clark,1977-03-20,ECONOMY,True,AA435
226,Jessica Young,1985-06-13,BUSINESS,False,BA575
227,Christopher Brown,1993-09-06,FIRST_CLASS,True,AA440
228,Emily Taylor,1979-12-30,ECONOMY,False,BA580
229,Brandon Garcia,1971-02-22,BUSINESS,True,AA445
230,Stephanie Moore,1987-05-16,FIRST_CLASS,False,BA585
231,Michael Davis,1996-08-09,ECONOMY,True,AA450
232,Rebecca Hernandez,1974-11-01,BUSINESS,False,BA590
233,David Wilson,1983-02-25,FIRST_CLASS,True,AA455
234,Sarah Thompson,1990-05-19,ECONOMY,False,BA595
235,Matthew Johnson,1978-08-12,BUSINESS,True,AA460
236,Amanda White,1995-11-05,FIRST_CLASS,False,BA600
237,Michael Hernandez,1972-01-03,ECONOMY,True,AA665
238,Emily Davis,1986-04-27,BUSINESS,False,BA800
239,Brandon Thomas,1993-07-21,FIRST_CLASS,True,AA670
240,Stephanie Martinez,1979-10-14,ECONOMY,False,BA805
241,Matthew Garcia,1984-01-08,BUSINESS,True,AA675
242,Amanda Martinez,1991-04-02,FIRST_CLASS,False,BA810
243,David Rodriguez,1976-07-26,ECONOMY,True,AA680
244,Jessica Clark,1989-10-19,BUSINESS,False,BA815
245,Christopher Brown,1972-12-12,FIRST_CLASS,True,AA685
246,Emily Taylor,1995-03-05,ECONOMY,False,BA820
247,Brandon Hernandez,1981-06-26,BUSINESS,True,AA690
248,Stephanie Johnson,1977-09-19,FIRST_CLASS,False,BA825
249,Michael Lee,1990-12-12,ECONOMY,True,AA695
250,Rebecca Martinez,1974-03-08,BUSINESS,False,BA830
251,David Taylor,1983-06-01,FIRST_CLASS,True,AA700
252,Sarah Rodriguez,1996-09-25,ECONOMY,False,BA835
253,Matthew Thompson,1971-11-18,BUSINESS,True,AA705
254,Amanda Davis,1985-02-11,FIRST_CLASS,False,BA840
255,Brandon Wilson,1992-05-06,ECONOMY,True,AA710
256,Stephanie Hernandez,1976-08-30,BUSINESS,False,BA845
257,Michael Garcia,1980-11-23,FIRST_CLASS,True,AA715
258,Emily Johnson,1993-02-16,ECONOMY,False,BA850
259,David Hernandez,1978-05-09,BUSINESS,True,AA665
260,Jessica Moore,1989-08-03,FIRST_CLASS,False,BA800
261,Christopher Clark,1975-11-26,ECONOMY,True,AA670
262,Amanda Thompson,1990-02-19,BUSINESS,False,BA805
263,Matthew Rodriguez,1984-05-14,FIRST_CLASS,True,AA675
264,Sarah Scott,1997-08-12,ECONOMY,False,BA810
265,Michael Davis,1972-01-05,BUSINESS,True,AA680
266,Emily Brown,1987-04-29,FIRST_CLASS,False,BA815
267,Brandon Martinez,1994-07-22,ECONOMY,True,AA685
268,Stephanie White,1981-10-13,BUSINESS,False,BA820
269,David Allen,1976-01-06,FIRST_CLASS,True,AA690
270,Jessica Hernandez,1991-04-01,ECONOMY,False,BA825
271,Christopher Taylor,1988-07-24,BUSINESS,True,AA695
272,Amanda Moore,1972-10-17,FIRST_CLASS,False,BA830
273,Matthew Young,1979-01-10,ECONOMY,True,AA700
274,Sarah Miller,1996-04-05,BUSINESS,False,BA835
275,Michael Clark,1971-07-28,FIRST_CLASS,True,AA705
276,Emily Thompson,1985-10-20,ECONOMY,False,BA840
277,Brandon Davis,1990-01-13,BUSINESS,True,AA710
278,Stephanie Rodriguez,1974-04-07,FIRST_CLASS,False,BA845
279,David Moore,1983-07-01,ECONOMY,True,AA715
280,Jessica Wilson,1978-09-24,BUSINESS,False,BA850
281,Christopher Martin,1995-12-17,FIRST_CLASS,True,AA665
282,Amanda Gonzalez,1981-03-10,ECONOMY,False,BA800
283,Matthew Taylor,1972-06-03,BUSINESS,True,AA670
284,Sarah Clark,1993-09-27,FIRST_CLASS,False,BA805
285,Michael Scott,1987-12-20,ECONOMY,True,AA675
286,Emily Hernandez,1975-03-15,BUSINESS,False,BA810
287,Brandon Thompson,1990-06-08,FIRST_CLASS,True,AA680
288,Stephanie Lee,1984-09-01,ECONOMY,False,BA815
289,David Martinez,1971-12-24,BUSINESS,True,AA685
290,Jessica Johnson,1996-03-18,FIRST_CLASS,False,BA820
291,Christopher Hernandez,1979-06-11,ECONOMY,True,AA690
292,Amanda Taylor,1988-09-04,BUSINESS,False,BA825
293,Matthew Gonzalez,1994-12-27,FIRST_CLASS,True,AA695
294,Sarah Davis,1975-03-21,ECONOMY,False,BA830
295,Michael Rodriguez,1982-06-14,BUSINESS,True,AA700
296,Emily Miller,1991-09-07,FIRST_CLASS,False,BA835
297,Brandon Wilson,1974-12-30,ECONOMY,True,AA705
298,Stephanie Martinez,1987-02-23,BUSINESS,False,BA840
299,David Hernandez,1995-05-18,FIRST_CLASS,True,AA710
300,Jessica Clark,1978-08-11,ECONOMY,False,BA845
